SKU-1,SKU-2
A1104,A1104-1
A1104,A1104-2
A1104,A1104-3
A1104,
A1251,A1251-1
A1251,A1251-10
A1251,A1251-2
A1251,A1251-3
A1251,A1251-4
A1251,A1251-6
A1251,A1251-7
A1251,A1251-8
A1251,A1251-9
A1251,
A1273S,A1273S-1
A1273S,A1273S-2
A1273S,A1273S-3
A1273S,A1273S-4
A1273S,
A1327,A1327-2
A1327,A1327-3
A1327,A1327-5
A1327,A1327-6
A1327,
A1337,A1337-1
A1337,A1337-2
A1337,A1337-3
A1337,A1337-4
A1337,A1337-5
A1337,A1337-6
A1337,
A1442S,A1442S-1
A1442S,A1442S-2
A1442S,A1442S-3
A1442S,A1442S-4
A1442S,
A1507,
A1627,A1627-5
A1858S,A1858S-1
A1858S,A1858S-2
A1858S,A1858S-3
A1858S,A1858S-4
A1858S,A1858S-5
A1858S,A1858S-6
A1858S,A1858S-7
A1858S,A1858S-8
A1858S,A1858S-9
A1858S,
A1913,A1913-4
A1962,A1962-10
A1962,
A1965,A1965
A1980,A1980-1
A1980,A1980-2
A1980,A1980-3
A1980,A1980-4
A1980,
A2057,A2057
A2057,
A2074,A2074-2
A2074,A2074-4
A2074,A2074-6
A2074,A2074-7
A2074,A2074-9
A2127,A2127-2
A2127,A2127-3
A2127,
A2134,A2134
A2140,A2140-4
A2140,A2140-5
A2140,A2140-6
A2147,A2147-2
A2161,A2161-1
A2161,A2161-2
A2161,A2161-4
A2161,A2161-6
A2180S,A2180S-1
A2180S,A2180S-2
A2180S,
A2186,A2186-1
A2186,A2186-2
A2186,A2186-3
A2186,A2186-4
A2186,A2186-5
A2186,A2186-6
A2186,A2186-7
A2186,A2186-8
A2186,A2186-9
A2186,
A2189S,A2189S-1
A2189S,A2189S-2
A2189S,A2189S-4
A2189S,A2189S-5
A2189S,A2189S-7
A2189S,A2189S-8
A2189S,
A2197S,A2197S-1
A2197S,A2197S-2
A2197S,A2197S-3
A2197S,A2197S-4
A2197S,A2197S-5
A2197S,A2197S-6
A2197S,
A2202,A2202-3
A2203S,A2203S-1
A2203S,A2203S-2
A2203S,A2203S-3
A2203S,A2203S-4
A2203S,A2203S-5
A2203S,A2203S-6
A2204S,A2204S-1
A2204S,A2204S-2
A2204S,A2204S-3
A2204S,A2204S-4
A2204S,A2204S-5
A2204S,A2204S-6
A2204S,
A2213S,A2213S-1
A2213S,A2213S-2
A2213S,A2213S-3
A2213S,A2213S-4
A2213S,A2213S-5
A2213S,A2213S-6
A2213S,
A2214S,A2214S-1
A2214S,A2214S-2
A2214S,A2214S-4
A2214S,A2214S-5
A2214S,
A2227,A2227-1
A2227,A2227-2
A2227,A2227-4
A2227,A2227-5
A2227,
A2231,A2231-1
A2231,A2231-2
A2231,
A2235,A2235-2
A2254,A2254-1
A2254,A2254-2
A2254,A2254-3
A2254,A2254-4
A2254,A2254-5
A2254,A2254-6
A2254,
A2256S,A2256S-1
A2256S,A2256S-2
A2256S,A2256S-3
A2256S,A2256S-4
A2256S,
A2258,A2258-1
A2267,A2267-1
A2267,A2267-2
A2267,A2267-3
A2267,A2267-4
A2267,
A2270,A2270-2
A2270,A2270-3
A2270,A2270-4
A2272,A2272-1
A2272,A2272-2
A2291,A2291-1
A2291,A2291-2
A2291,A2291-3
A2291,
A2294,A2294-1
A2294,A2294-10
A2294,A2294-12
A2294,A2294-2
A2294,A2294-3
A2294,A2294-4
A2294,A2294-5
A2294,A2294-6
A2294,A2294-7
A2294,A2294-8
A2294,A2294-9
A2294,
A2297,A2297-1
A2312,A2312-1
A2312,A2312-2
A2315,A2315-2
A2316,A2316
A2324,A2324-3
A2326,A2326
A2328,A2328-1
A2328,A2328-2
A2328,A2328-3
A2328,
A2331,A2331-3
A2338,A2338-1
A2338,A2338-3
A2338,A2338-4
A2338,
A2340,A2340
A2340,
A2341,A2341-2
A2341,
A2342,A2342
A2356,A2356-1
A2356,A2356-2
A2356,
A2368,A2368-1
A2368,A2368-2
A2368,A2368-3
A2368,A2368-4
A2368,A2368-5
A2368,A2368-6
A2368,A2368-7
A2368,A2368-8
A2368,A2368-9
A2368,
A2378,A2378-2
A2378,A2378-4
A2378,A2378-7
A2379,A2379-1
A2379,A2379-2
A2379,A2379-3
A2379,A2379-4
A2379,
A2384,A2384-1
A2384,A2384-2
A2384,A2384-5
A2388,A2388-4
A2388,A2388-5
A2392,A2392-4
A2392,A2392-5
A2392,A2392-6
A2392,
A2402,A2402-1
A2402,A2402-2
A2402,A2402-3
A2402,A2402-4
A2402,A2402-5
A2402,A2402-6
A2402,A2402-7
A2402,A2402-8
A2402,A2402-9
A2402,
A2406,A2406-1
A2406,A2406-2
A2406,A2406-3
A2406,A2406-4
A2406,
A2407,A2407-1
A2407,A2407-2
A2407,
A2410,A2410-1
A2410,A2410-2
A2410,
A2419,A2419-1
A2419,A2419-2
A2427,A2427-1
A2427,A2427-2
A2428,A2428-1
A2429,A2429-1
A2429,A2429-2
A2448,A2448-1
A2448,A2448-2
A2506,A2506-1
A2506,A2506-2
A2506,
A2507,A2507-1
A2507,A2507-2
A2507,A2507-3
A2507,
A2568,A2568-1
A2568,A2568-2
A2568,A2568-3
A2568,A2568-4
A2568,A2568-5
A2568,A2568-6
A2568,
A2569,A2569-1
A2569,A2569-2
A2569,A2569-3
A2571,A2571
A2582,A2582-1
A2582,A2582-2
A2582,
A2596,A2596-1
A2596,A2596-2
A2596,A2596-3
A2596,
A2604,A2604-1
A2604,A2604-2
A2604,A2604-3
A2604,A2604-4
A2604,A2604-5
A2604,A2604-6
A2604,
A2607,A2607-1
A2607,A2607-2
A2607,A2607-3
A2607,A2607-4
A2607,A2607-5
A2607,A2607-6
A2607,
A2620,A2620-1
A2620,A2620-2
A2620,A2620-3
A2620,A2620-4
A2620,A2620-5
A2620,A2620-6
A2620,
A2622,A2622-1
A2622,A2622-2
A2622,A2622-3
A2622,A2622-4
A2622,
A2631,A2631-1
A2631,A2631-2
A2631,A2631-3
A2631,A2631-4
A2631,A2631-5
A2631,A2631-6
A2631,
A2667,A2667-1
A2667,A2667-2
A2667,A2667-3
A2667,A2667-4
A2667,
A2669,A2669-1
A2669,A2669-2
A2669,A2669-3
A2669,A2669-4
A2806,A2806-1
A2806,A2806-2
A2806,
A2860,A2860-1
A2860,A2860-3
A2860,A2860-4
A2869,A2869-1
A2869,A2869-2
A2869,A2869-3
A2869,A2869-4
A2869,A2869-5
A2869,A2869-6
A2892,A2892-1
A2892,A2892-2
A2892,A2892-3
A2892,A2892-4
A2892,
A2904,A2904-1
A2904,A2904-2
A2904,A2904-3
A2904,A2904-4
A2915,A2915-1
A2915,A2915-2
A2915,A2915-3
A2915,A2915-4
A2915,
A2927,A2927-1
A2927,A2927-2
A2927,A2927-3
A2927,A2927-4
A2927,A2927-5
A2927,A2927-6
A2927,A2927-7
A2927,A2927-8
A2927,A2927-9
A2927,
A2935,A2935-1
A2935,A2935-2
A2935,A2935-3
A2935,A2935-4
A2935,
A2989,A2989-1
A2989,A2989-2
A2989,A2989-3
A2989,A2989-4
A2989,A2989-5
A2989,A2989-6
A2989,
A2999,A2999-1
A2999,A2999-2
A2999,A2999-3
A2999,A2999-4
A2999,
A3108,A3108-5
A3108,
A3213,A3213-2
A3213,A3213-4
A3213,A3213-5
A3213,A3213-6
A3213,
A3241,A3241-1
A3241,A3241-2
A3241,A3241-3
A3241,A3241-4
A3241,A3241-5
A3241,A3241-6
A3241,
A3248,A3248-1
A3248,A3248-2
A3248,A3248-3
A3248,A3248-4
A3248,A3248-5
A3248,A3248-7
A3248,A3248-9
A3248,
A3253,A3253-1
A3253,A3253-2
A3253,A3253-3
A3253,A3253-4
A3253,A3253-5
A3253,A3253-6
A3253,A3253-7
A3253,A3253-8
A3253,A3253-9
A3253,
A3274,A3274
A3280,A3280
A3280,A3280-1
A3280,A3280-2
A3280,A3280-3
A3280,
A3294,A3294-1
A3294,A3294-2
A3294,A3294-5
A3294,A3294-6
A3294,A3294-7
A3294,A3294-8
A3294,A3294-9
A3294,
A3320,A3320-1
A3320,A3320-3
A3320,
A3331,
A3332,A3332-2
A3332,A3332-4
A3332,A3332-6
A3332,
A3336,A3336-2
A3336,
A3348,A3348-1
A3348,A3348-3
A3348,A3348-4
A3348,A3348-6
A3348,
A3349,A3349-2
A3349,
A3362,A3362
A3362,
A3389,
A3398,
A3416,
A3417,
A3425,
A3429,
A3434,
A3437,
A3450,
A3456,
A3475,
A3489,
A3491,
A3497,
A3501,
A3519,
A3520,
A3576,
A3606,
A3608,
A3617,
A3622,
A3624,
A3632,
BBA1985,BBA1985-1
BBA1985,BBA1985-2
BBA2063,BBA2063-5
BBA2063,BBA2063-6
BBA2063,
BBA2109,BBA2109-1
BBA2116,BBA2116-2
BBA2152,BBA2152-2
BBA2152,BBA2152-4
BBA2152,BBA2152-5
BBA2168,BBA2168-3
BBK2084,BBK2084-2
BBQ1671S,BBQ1671S-1
BBQ1671S,BBQ1671S-2
BBQ1671S,BBQ1671S-3
BBQ1671S,BBQ1671S-4
BBQ1671S,BBQ1671S-5
BBQ1671S,BBQ1671S-6
BBQ1671S,BBQ1671S-7
BBQ1671S,BBQ1671S-8
BBQ1671S,BBQ1671S-9
BBQ1671S,
BST119,BST119
BST169,BST169
BST169,
BST219,BST219
BST219,
BST279,BST279
BST279,
CSA1454,CSA1454-1
CSA1454,CSA1454-2
CSA1454,CSA1454-3
CSA1454,
CSA1605,
CSA1915,CSA1915-3
CSD1645,
CSV1888,CSV1888-13
CSV1888,CSV1888-17
CSV1888,CSV1888-18
CSV1888,CSV1888-3
D1214,D1214-1
D1214,D1214-2
D1214,D1214-3
D1214,D1214-4
D1214,D1214-5
D1214,D1214-6
D1214,
D1219,D1219-4
D1224,
D1245,
D1293,D1293-1
D1293,D1293-2
D1293,D1293-3
D1293,D1293-4
D1293,D1293-5
D1293,D1293-6
D1293,D1293-7
D1293,D1293-8
D1293,D1293-9
D1293,
D1315S,D1315S-3
D1366,D1366-1
D1366,D1366-2
D1366,D1366-3
D1366,
D1398,
D1449,
D1541,
D1650,D1650-3
D1694,D1694-1
D1726,
D1745,
D1749,D1749-1
D1749,D1749-2
D1749,D1749-3
D1749,D1749-4
D1749,D1749-5
D1749,D1749-6
D1749,
D1810,
D1891,D1891-2
D1909,D1909-1
D1978S,
D1979,
D2013,
D2032,D2032-1
D2032,D2032-2
D2032,D2032-3
D2032,D2032-4
D2032,D2032-5
D2032,D2032-6
D2032,D2032-7
D2032,D2032-8
D2032,D2032-9
D2032,
D2033,D2033-2
D2033,
D2050,
D2053,D2053-5
D2059,
D2089,D2089-2
D2089,D2089-5
D2101,D2101-2
D2101,D2101-3
D2101,
D2108,D2108-2
D2108,D2108-3
D2108,
D2112,D2112-3
D2112,D2112-7
D2112,
D2121,D2121-1
D2121,
D2132,D2132-6
D2132,
D2136,D2136-1
D2136,D2136-2
D2136,D2136-3
D2136,D2136-4
D2136,D2136-5
D2136,D2136-6
D2136,D2136-7
D2136,D2136-8
D2136,D2136-9
D2136,
D2137,D2137-4
D2137,D2137-5
D2137,D2137-7
D2137,D2137-8
D2137,
D2138,D2138-3
D2138,
D2157,D2157-3
D2157,
D2162,
D2164,D2164-1
D2164,D2164-2
D2164,D2164-4
D2169,D2169-1
D2169,D2169-10
D2169,D2169-11
D2169,D2169-12
D2169,D2169-14
D2169,D2169-2
D2169,D2169-3
D2169,D2169-5
D2169,D2169-7
D2169,D2169-8
D2169,D2169-9
D2169,
D2184,D2184-2
D2184,D2184-3
D2184,D2184-6
D2187,D2187-6
D2190,D2190-3
D2190,D2190-6
D2190,
D2198,D2198-2
D2199,D2199-3
D2216,
D2217,D2217-3
D2217,
D2219,D2219-2
D2219,D2219-6
D2222,D2222-2
D2222,D2222-4
D2222,D2222-5
D2233,D2233-4
D2233,D2233-6
D2237,D2237-2
D2237,D2237-7
D2237,D2237-9
D2237,
D2244,D2244-1
D2244,D2244-4
D2244,D2244-5
D2255,D2255-2
D2255,D2255-3
D2255,D2255-4
D2255,D2255-6
D2255,
D2265,D2265-3
D2265,
D2269,D2269-1
D2269,D2269-2
D2269,D2269-3
D2269,D2269-4
D2269,D2269-5
D2269,D2269-6
D2269,
D2277,D2277-1
D2278,D2278-4
D2278,D2278-5
D2289,D2289-1
D2289,D2289-2
D2289,D2289-3
D2289,D2289-4
D2289,D2289-5
D2289,D2289-6
D2289,
D2305,
D2306,D2306-2
D2306,D2306-3
D2308,D2308-1
D2308,D2308-2
D2308,D2308-3
D2308,D2308-5
D2308,D2308-6
D2308,
D2309,D2309-3
D2309,
D2310,D2310-2
D2332,D2332-1
D2332,D2332-2
D2332,D2332-3
D2332,
D2334,D2334-4
D2337,D2337-1
D2337,D2337-2
D2337,D2337-3
D2337,
D2347,D2347-1
D2347,D2347-2
D2347,D2347-3
D2347,D2347-4
D2347,D2347-5
D2347,
D2353,D2353-5
D2357,D2357-1
D2357,D2357-2
D2357,D2357-3
D2357,D2357-4
D2357,D2357-5
D2357,D2357-6
D2357,D2357-7
D2357,D2357-8
D2357,
D2363,D2363-3
D2363,D2363-4
D2370,D2370-2
D2376,D2376-3
D2380,D2380-1
D2386,D2386-1
D2386,D2386-2
D2386,D2386-3
D2386,D2386-4
D2386,D2386-5
D2386,D2386-6
D2386,D2386-7
D2386,D2386-8
D2386,D2386-9
D2386,
D2390,D2390-1
D2390,D2390-2
D2390,D2390-3
D2390,D2390-4
D2390,D2390-5
D2390,D2390-6
D2390,
D2400,D2400-1
D2400,D2400-2
D2400,D2400-3
D2400,D2400-4
D2400,D2400-5
D2400,D2400-6
D2400,
D2404,D2404-1
D2404,D2404-2
D2404,D2404-3
D2404,D2404-4
D2404,D2404-5
D2404,D2404-6
D2404,D2404-7
D2404,D2404-8
D2404,D2404-9
D2404,
D2405,D2405-1
D2405,D2405-2
D2405,
D2408,D2408-1
D2408,D2408-2
D2408,D2408-3
D2408,D2408-4
D2408,D2408-5
D2408,D2408-6
D2408,
D2417,D2417-1
D2417,D2417-2
D2417,D2417-3
D2417,D2417-4
D2417,D2417-5
D2417,D2417-6
D2417,
D2421,D2421-3
D2421,D2421-6
D2421,
D2441,D2441-2
D2441,D2441-3
D2441,D2441-4
D2441,D2441-6
D2441,
D2467,D2467-1
D2467,D2467-2
D2467,D2467-3
D2467,D2467-4
D2467,D2467-5
D2467,D2467-6
D2467,
D2478,D2478-1
D2478,D2478-2
D2478,D2478-3
D2478,D2478-4
D2478,
D2489,D2489-1
D2489,D2489-3
D2489,
D2508,D2508-1
D2508,D2508-3
D2508,D2508-4
D2508,D2508-5
D2508,D2508-6
D2508,
D2563,D2563-1
D2563,D2563-2
D2563,D2563-3
D2563,D2563-4
D2563,D2563-5
D2563,D2563-6
D2563,
D2567,D2567-1
D2567,D2567-2
D2567,D2567-3
D2567,
D2573,D2573-1
D2573,D2573-2
D2573,D2573-3
D2573,D2573-4
D2573,D2573-5
D2573,D2573-6
D2573,
D2577,D2577-1
D2577,D2577-2
D2577,D2577-3
D2577,
D2592,D2592-1
D2592,D2592-2
D2592,D2592-3
D2592,D2592-4
D2592,D2592-5
D2592,D2592-6
D2592,
D2593,D2593-1
D2593,D2593-2
D2593,D2593-4
D2593,D2593-6
D2593,
D2600,D2600-1
D2600,D2600-2
D2600,D2600-3
D2600,D2600-4
D2600,D2600-5
D2600,
D2603,D2603-1
D2603,D2603-2
D2603,D2603-3
D2603,
D2606,D2606-1
D2606,D2606-10
D2606,D2606-11
D2606,D2606-12
D2606,D2606-2
D2606,D2606-3
D2606,D2606-4
D2606,D2606-5
D2606,D2606-6
D2606,D2606-7
D2606,D2606-8
D2606,D2606-9
D2606,
D2608,D2608-1
D2608,D2608-2
D2608,D2608-3
D2608,D2608-4
D2608,D2608-5
D2608,D2608-6
D2608,
D2618,D2618-1
D2618,D2618-2
D2618,D2618-3
D2618,D2618-6
D2618,D2618-7
D2618,D2618-8
D2618,D2618-9
D2618,
D2625,D2625-1
D2625,D2625-2
D2625,D2625-4
D2625,D2625-5
D2625,D2625-6
D2626,D2626-1
D2626,D2626-2
D2626,D2626-3
D2626,D2626-4
D2626,D2626-5
D2626,D2626-6
D2626,
D2632,D2632-1
D2632,D2632-4
D2632,D2632-6
D2632,
D2633,D2633-2
D2633,D2633-3
D2633,D2633-4
D2633,D2633-5
D2633,D2633-6
D2661,D2661-1
D2661,D2661-2
D2661,D2661-3
D2661,D2661-4
D2661,D2661-5
D2661,D2661-6
D2661,
D2666,D2666-1
D2666,D2666-2
D2666,D2666-3
D2666,D2666-4
D2681,D2681-1
D2681,D2681-3
D2681,D2681-4
D2681,
D2683,D2683-1
D2683,D2683-2
D2683,D2683-4
D2683,D2683-5
D2683,
D2696,D2696-1
D2696,D2696-2
D2696,D2696-3
D2696,D2696-4
D2697,D2697-1
D2697,D2697-2
D2697,D2697-3
D2697,D2697-4
D2697,D2697-5
D2697,D2697-6
D2697,
D2706,D2706-1
D2706,D2706-4
D2706,D2706-6
D2706,
D2711,D2711-1
D2711,D2711-2
D2711,D2711-3
D2711,D2711-4
D2711,D2711-5
D2711,D2711-6
D2711,
D2714,D2714-2
D2714,D2714-4
D2714,D2714-5
D2714,D2714-7
D2714,D2714-8
D2714,
D2740,D2740-1
D2740,D2740-2
D2740,D2740-3
D2740,D2740-4
D2740,
D2764,D2764-1
D2764,D2764-2
D2764,D2764-3
D2764,D2764-4
D2764,D2764-5
D2764,D2764-6
D2764,D2764-7
D2764,D2764-8
D2764,D2764-9
D2764,
D2765,D2765-1
D2765,D2765-2
D2765,D2765-4
D2765,D2765-5
D2765,D2765-6
D2765,D2765-7
D2766,D2766-1
D2766,D2766-3
D2766,D2766-5
D2766,D2766-6
D2771,D2771-1
D2771,D2771-2
D2771,D2771-3
D2771,D2771-4
D2771,D2771-5
D2771,D2771-6
D2771,
D2772,D2772-2
D2772,D2772-3
D2772,D2772-4
D2772,D2772-5
D2772,D2772-6
D2772,
D2773,D2773-1
D2773,D2773-2
D2773,D2773-3
D2773,
D2775,D2775-1
D2775,D2775-2
D2775,D2775-3
D2775,D2775-4
D2775,D2775-5
D2775,D2775-6
D2775,
D2782,D2782-1
D2782,D2782-2
D2782,D2782-3
D2782,D2782-4
D2782,D2782-5
D2782,D2782-6
D2783,D2783-1
D2783,D2783-2
D2783,
D2789,D2789-1
D2789,D2789-2
D2789,D2789-3
D2789,D2789-4
D2789,D2789-5
D2789,D2789-6
D2789,
D2809,D2809-1
D2809,D2809-2
D2809,
D2811,D2811-1
D2811,D2811-2
D2811,D2811-3
D2811,D2811-4
D2811,D2811-5
D2811,D2811-6
D2811,D2811-7
D2811,D2811-8
D2811,D2811-9
D2811,
D2812,D2812-1
D2812,D2812-2
D2812,D2812-3
D2812,D2812-4
D2814,D2814-1
D2814,D2814-2
D2814,D2814-3
D2814,D2814-4
D2814,D2814-5
D2814,D2814-6
D2815,D2815-1
D2815,D2815-2
D2815,
D2821,D2821-1
D2821,D2821-2
D2821,
D2825,D2825-1
D2825,D2825-2
D2825,D2825-3
D2825,
D2827,D2827-1
D2827,D2827-2
D2827,D2827-3
D2827,D2827-4
D2827,D2827-5
D2827,D2827-6
D2827,D2827-7
D2827,D2827-8
D2827,
D2835,D2835-1
D2835,D2835-2
D2835,D2835-3
D2835,D2835-4
D2835,D2835-5
D2835,D2835-6
D2835,
D2838,D2838-1
D2838,D2838-2
D2838,D2838-3
D2838,
D2841,D2841-1
D2841,D2841-2
D2841,D2841-3
D2841,D2841-5
D2841,D2841-6
D2841,D2841-7
D2841,D2841-8
D2841,D2841-9
D2841,
D2842,D2842-1
D2842,D2842-2
D2842,D2842-4
D2842,D2842-5
D2842,D2842-6
D2842,D2842-7
D2842,D2842-8
D2842,D2842-9
D2842,
D2866,D2866-1
D2866,D2866-2
D2866,D2866-3
D2866,
D2870,D2870-1
D2870,D2870-2
D2870,D2870-3
D2870,D2870-4
D2870,D2870-5
D2870,D2870-6
D2870,
D2879,D2879-1
D2879,D2879-2
D2879,D2879-3
D2879,D2879-4
D2879,D2879-5
D2879,D2879-6
D2885,D2885-1
D2885,D2885-2
D2885,D2885-3
D2885,D2885-4
D2885,D2885-5
D2885,D2885-6
D2885,
D2890,D2890-1
D2890,D2890-2
D2890,D2890-3
D2890,D2890-4
D2890,D2890-5
D2890,D2890-6
D2897,D2897-1
D2897,D2897-2
D2897,D2897-3
D2897,D2897-4
D2897,D2897-5
D2897,D2897-6
D2897,
D2903,D2903-1
D2903,D2903-2
D2903,D2903-3
D2903,D2903-4
D2903,D2903-5
D2903,D2903-6
D2903,
D2925,D2925-1
D2925,D2925-2
D2925,D2925-3
D2925,D2925-4
D2925,D2925-5
D2925,D2925-6
D2925,
D2926,D2926-1
D2926,D2926-2
D2926,D2926-3
D2926,D2926-4
D2926,D2926-5
D2926,D2926-6
D2926,D2926-7
D2926,D2926-8
D2926,D2926-9
D2926,
D2928,D2928-1
D2928,D2928-2
D2928,D2928-3
D2928,D2928-4
D2928,D2928-5
D2928,D2928-6
D2933,D2933-1
D2933,D2933-2
D2933,D2933-3
D2933,D2933-4
D2933,D2933-5
D2933,D2933-6
D2933,
D2937,D2937-1
D2937,D2937-2
D2937,D2937-3
D2937,D2937-4
D2937,D2937-5
D2937,D2937-6
D2937,D2937-7
D2937,D2937-8
D2937,D2937-9
D2937,
D2941,D2941-1
D2941,D2941-2
D2941,D2941-3
D2941,D2941-4
D2941,D2941-5
D2941,D2941-6
D2941,D2941-7
D2941,D2941-8
D2941,D2941-9
D2941,
D2954,D2954-1
D2954,D2954-2
D2954,D2954-3
D2954,
D2982,D2982-1
D2982,D2982-2
D2982,D2982-3
D2982,D2982-4
D2982,D2982-5
D2982,D2982-6
D2982,D2982-7
D2982,D2982-8
D2982,D2982-9
D2982,
D2990,D2990-1
D2990,D2990-2
D2990,D2990-3
D2990,
D2996,D2996-1
D2996,D2996-2
D2996,
D2997,D2997-1
D2997,D2997-2
D2997,D2997-3
D2997,D2997-5
D2997,D2997-6
D2997,
D3001,D3001-1
D3001,D3001-2
D3001,D3001-3
D3001,D3001-4
D3001,D3001-5
D3001,D3001-6
D3001,
D3008,D3008-1
D3008,D3008-2
D3008,D3008-3
D3008,D3008-4
D3008,D3008-5
D3008,D3008-6
D3008,
D3027,D3027-1
D3027,D3027-2
D3027,D3027-3
D3027,
D3031,D3031-1
D3031,D3031-2
D3031,D3031-3
D3031,D3031-4
D3031,D3031-5
D3031,D3031-6
D3031,D3031-7
D3031,D3031-8
D3031,D3031-9
D3031,
D3045,D3045-1
D3045,D3045-2
D3045,D3045-3
D3045,D3045-4
D3045,D3045-5
D3045,D3045-6
D3054,D3054-1
D3054,D3054-2
D3054,D3054-3
D3054,D3054-4
D3054,D3054-5
D3054,D3054-6
D3054,
D3055,D3055-1
D3055,D3055-2
D3055,D3055-4
D3055,D3055-5
D3055,D3055-6
D3055,D3055-7
D3055,D3055-8
D3055,D3055-9
D3055,
D3073,D3073-1
D3073,D3073-2
D3073,D3073-3
D3073,D3073-4
D3073,D3073-5
D3073,D3073-6
D3073,D3073-7
D3073,D3073-8
D3073,D3073-9
D3073,
D3074,D3074-1
D3074,D3074-2
D3074,D3074-3
D3074,D3074-4
D3074,D3074-5
D3074,D3074-6
D3074,D3074-7
D3074,D3074-8
D3074,D3074-9
D3074,
D3075,D3075-1
D3075,D3075-2
D3075,D3075-3
D3075,D3075-4
D3075,D3075-5
D3075,D3075-6
D3075,
D3081,D3081-1
D3081,D3081-2
D3081,D3081-3
D3081,D3081-4
D3081,D3081-5
D3081,D3081-6
D3081,D3081-7
D3081,D3081-8
D3081,D3081-9
D3081,
D3091,D3091-2
D3091,D3091-4
D3091,D3091-5
D3091,D3091-6
D3091,
D3092,D3092-1
D3092,D3092-2
D3092,D3092-3
D3092,D3092-4
D3092,D3092-5
D3092,
D3097,D3097-1
D3097,D3097-2
D3097,D3097-3
D3097,D3097-4
D3097,D3097-5
D3097,D3097-6
D3097,D3097-8
D3097,D3097-9
D3097,
D3099,D3099-1
D3099,D3099-2
D3099,D3099-3
D3099,D3099-4
D3099,D3099-5
D3099,D3099-6
D3099,D3099-7
D3099,D3099-8
D3099,D3099-9
D3099,
D3100,D3100-1
D3100,D3100-2
D3100,D3100-3
D3100,D3100-4
D3100,D3100-5
D3100,D3100-6
D3100,
D3103,D3103-1
D3103,D3103-2
D3103,D3103-3
D3103,D3103-4
D3103,D3103-5
D3103,D3103-6
D3103,D3103-7
D3103,D3103-8
D3103,D3103-9
D3103,
D3104,D3104-1
D3104,D3104-2
D3104,D3104-3
D3104,D3104-4
D3104,D3104-5
D3104,D3104-6
D3104,
D3118,D3118-1
D3118,D3118-2
D3118,D3118-4
D3118,D3118-5
D3118,D3118-6
D3118,
D3122,D3122-1
D3122,D3122-2
D3122,D3122-3
D3122,D3122-4
D3122,D3122-5
D3122,D3122-6
D3122,
D3123,D3123-1
D3123,D3123-2
D3123,D3123-4
D3123,D3123-5
D3123,D3123-6
D3123,
D3124,D3124-1
D3124,D3124-2
D3124,D3124-3
D3124,D3124-4
D3124,D3124-5
D3124,D3124-6
D3124,
D3125,D3125-1
D3125,D3125-2
D3125,D3125-3
D3125,D3125-4
D3125,D3125-5
D3125,D3125-6
D3125,D3125-7
D3125,D3125-8
D3125,D3125-9
D3125,
D3126,D3126-1
D3126,D3126-2
D3126,D3126-3
D3126,D3126-4
D3126,D3126-5
D3126,D3126-6
D3126,D3126-7
D3126,D3126-8
D3126,D3126-9
D3126,
D3127,D3127-1
D3127,D3127-2
D3127,D3127-3
D3127,D3127-5
D3127,D3127-6
D3127,
D3128,D3128-2
D3128,D3128-3
D3128,D3128-4
D3128,D3128-5
D3128,D3128-6
D3128,D3128-7
D3128,D3128-8
D3128,D3128-9
D3128,
D3129,D3129-1
D3129,D3129-2
D3129,D3129-4
D3129,D3129-5
D3129,D3129-6
D3129,D3129-7
D3129,D3129-8
D3129,D3129-9
D3129,
D3130,D3130-1
D3130,D3130-2
D3130,D3130-3
D3130,D3130-4
D3130,D3130-5
D3130,D3130-6
D3130,D3130-7
D3130,D3130-8
D3130,D3130-9
D3130,
D3131,D3131-1
D3131,D3131-2
D3131,D3131-3
D3131,D3131-6
D3131,D3131-7
D3131,D3131-8
D3131,D3131-9
D3131,
D3148,D3148-1
D3148,D3148-2
D3148,D3148-3
D3148,D3148-4
D3148,D3148-5
D3148,D3148-6
D3148,
D3159,D3159-1
D3159,D3159-2
D3159,D3159-3
D3159,
D3160,D3160-1
D3160,D3160-2
D3160,D3160-3
D3160,D3160-4
D3160,D3160-5
D3160,D3160-6
D3160,D3160-7
D3160,D3160-8
D3160,D3160-9
D3160,
D3175,D3175-1
D3175,D3175-2
D3175,D3175-3
D3175,
D3191,D3191-4
D3191,D3191-5
D3191,D3191-6
D3191,D3191-7
D3191,D3191-8
D3191,
D3193,D3193-1
D3193,D3193-2
D3193,D3193-3
D3193,D3193-4
D3193,D3193-5
D3193,D3193-6
D3193,
D3194,D3194-1
D3194,D3194-4
D3194,D3194-5
D3194,D3194-6
D3194,D3194-7
D3194,D3194-8
D3194,D3194-9
D3194,
D3197,D3197-1
D3197,D3197-2
D3197,D3197-3
D3197,D3197-4
D3197,D3197-5
D3197,D3197-6
D3197,
D3199,D3199-1
D3199,D3199-2
D3199,D3199-3
D3199,D3199-4
D3199,D3199-5
D3199,D3199-6
D3199,
D3205,D3205-1
D3205,D3205-2
D3205,D3205-4
D3205,D3205-5
D3205,D3205-6
D3205,
D3211,D3211-1
D3211,D3211-2
D3211,D3211-3
D3211,D3211-4
D3211,D3211-5
D3211,D3211-6
D3211,
D3232,D3232-1
D3232,D3232-2
D3232,D3232-4
D3232,D3232-5
D3232,D3232-6
D3232,
D3238,D3238-1
D3238,D3238-2
D3238,D3238-3
D3238,
D3249,D3249-1
D3249,D3249-2
D3249,D3249-3
D3249,D3249-4
D3249,D3249-5
D3249,D3249-6
D3249,
D3258,D3258-1
D3258,D3258-3
D3258,
D3262,D3262-1
D3262,D3262-2
D3262,D3262-3
D3262,D3262-4
D3262,D3262-5
D3262,D3262-6
D3262,
D3268,D3268-1
D3268,D3268-2
D3268,D3268-3
D3268,D3268-4
D3268,D3268-5
D3268,D3268-6
D3268,
D3269,D3269-1
D3269,D3269-3
D3269,
D3272,D3272-1
D3272,D3272-2
D3272,D3272-3
D3272,D3272-4
D3272,D3272-5
D3272,D3272-6
D3272,
D3275,D3275-1
D3275,D3275-2
D3275,D3275-3
D3275,D3275-4
D3275,D3275-5
D3275,D3275-6
D3275,D3275-7
D3275,D3275-8
D3275,D3275-9
D3275,
D3276,D3276-1
D3276,D3276-2
D3276,D3276-4
D3276,D3276-5
D3276,D3276-6
D3276,
D3287,D3287-1
D3287,D3287-2
D3287,D3287-3
D3287,
D3289,D3289-2
D3289,D3289-3
D3289,D3289-5
D3289,D3289-6
D3289,D3289-7
D3289,D3289-8
D3289,D3289-9
D3289,
D3293,D3293-2
D3293,D3293-3
D3293,D3293-4
D3293,D3293-5
D3293,
D3299,D3299-1
D3299,D3299-2
D3299,D3299-3
D3299,D3299-4
D3299,D3299-5
D3299,D3299-6
D3299,
D3313,D3313-1
D3313,D3313-2
D3313,D3313-5
D3313,D3313-6
D3313,
D3314,D3314-1
D3314,D3314-2
D3314,D3314-4
D3314,D3314-5
D3314,D3314-6
D3314,
D3316,D3316-1
D3316,D3316-2
D3316,D3316-3
D3316,D3316-4
D3316,D3316-5
D3316,D3316-6
D3316,
D3324,D3324-4
D3324,D3324-5
D3324,D3324-6
D3324,
D3325,
D3326,D3326-1
D3326,D3326-10
D3326,D3326-11
D3326,D3326-12
D3326,D3326-2
D3326,D3326-4
D3326,D3326-5
D3326,D3326-6
D3326,D3326-7
D3326,D3326-8
D3326,D3326-9
D3326,
D3327,D3327-1
D3327,D3327-2
D3327,D3327-4
D3327,D3327-5
D3327,
D3328,D3328-1
D3328,D3328-2
D3328,D3328-3
D3328,D3328-4
D3328,D3328-5
D3328,D3328-6
D3328,
D3337,D3337-1
D3337,D3337-4
D3337,D3337-5
D3337,
D3338,D3338-1
D3338,D3338-2
D3338,D3338-5
D3338,D3338-6
D3338,
D3350,D3350-2
D3350,
D3355,D3355-4
D3355,D3355-5
D3355,
D3356,D3356-2
D3356,D3356-3
D3356,D3356-5
D3356,D3356-6
D3356,
D3360,D3360-2
D3360,
D3363,D3363-1
D3363,D3363-2
D3363,
D3375,
D3376,
D3380,
D3390,
D3399,
D3405,
D3407,
D3410,
D3411,
D3412,
D3420,
D3421,
D3424,
D3426,
D3438,
D3446,
D3448,
D3453,
D3458,
D3465,
D3470,
D3476,
D3486,
D3529,
D3531,
D3557,
D3561,
D3575,
D3577,
D3590,
D3597,
D3604,
D3605,
D3607,
D746,D746-1
D746,D746-2
D746,D746-3
D746,D746-4
D746,D746-5
D746,D746-6
D746,D746-7
D746,D746-8
D746,D746-9
D746,
K1637S,
K2283,K2283-1
K2283,K2283-4
K2414,K2414-1
K2414,K2414-4
K2414,K2414-5
K2414,
K2660,K2660-1
K2660,K2660-2
K2660,
K2710,K2710-1
K2710,K2710-2
K2710,K2710-3
K2710,K2710-5
K2710,K2710-7
K2710,K2710-8
K2713,K2713-1
K2713,K2713-2
K2713,K2713-3
K2713,K2713-4
K2713,K2713-5
K2713,
K2794,K2794-1
K2794,K2794-2
K2794,K2794-3
K2795,K2795-1
K2795,K2795-2
K2795,K2795-3
K2795,
K2836,K2836-1
K2836,K2836-2
K2836,K2836-3
K2836,K2836-4
K2836,K2836-5
K2836,K2836-6
K2868,K2868-1
K2868,K2868-2
K2868,K2868-3
K2868,K2868-4
K2898,K2898-1
K2898,K2898-2
K2898,K2898-3
K2934,K2934-1
K2934,K2934-2
K2934,K2934-3
K2936,K2936-1
K2936,K2936-2
K2936,K2936-3
K2936,
K3020,K3020-1
K3020,K3020-2
K3020,K3020-3
K3020,K3020-4
K3020,K3020-5
K3020,K3020-6
K3020,
K3026,K3026-1
K3026,K3026-2
K3026,K3026-3
K3026,K3026-4
K3026,K3026-5
K3026,K3026-6
K3026,
K3071,K3071-1
K3071,K3071-2
K3071,K3071-3
K3101,K3101-1
K3101,K3101-2
K3101,K3101-3
K3101,K3101-4
K3101,K3101-5
K3101,K3101-6
K3101,
K3161,K3161-1
K3161,K3161-2
K3161,K3161-3
K3161,K3161-4
K3161,K3161-5
K3161,K3161-6
K3161,K3161-7
K3161,K3161-9
K3161,
K3265,K3265-1
K3265,K3265-2
K3265,K3265-3
K3265,K3265-4
K3265,K3265-5
K3265,K3265-6
K3265,
K3266,K3266-1
K3266,K3266-2
K3266,K3266-3
K3266,K3266-4
K3266,K3266-5
K3266,K3266-6
K3266,
K3279,K3279-2
K3279,K3279-4
K3279,K3279-5
K3279,K3279-6
K3279,K3279-7
K3279,K3279-8
K3279,K3279-9
K3279,
K3357,K3357-2
K3357,K3357-3
K3357,
K3377,
K3381,
K3418,
K3451,
K3472,
K3510,
K3616,
MSA173,MSA173-1
MSA173,MSA173-2
MSA173,MSA173-3
MSA173,MSA173-4
MSA173,MSA173-5
MSA173,MSA173-6
MSA173,
Q1105,Q1105-7
Q1105,Q1105-8
Q1192,
Q1842,Q1842-1
Q1842,Q1842-10
Q1842,Q1842-11
Q1842,Q1842-12
Q1842,Q1842-2
Q1842,Q1842-3
Q1842,Q1842-4
Q1842,Q1842-5
Q1842,Q1842-6
Q1842,Q1842-7
Q1842,Q1842-8
Q1842,Q1842-9
Q1842,
Q2093,Q2093-8
Q2093,
Q2119,Q2119-1
Q2119,Q2119-10
Q2119,Q2119-11
Q2119,Q2119-12
Q2119,Q2119-2
Q2119,Q2119-3
Q2119,Q2119-4
Q2119,Q2119-5
Q2119,Q2119-6
Q2119,Q2119-7
Q2119,Q2119-8
Q2119,Q2119-9
Q2119,
Q2141,Q2141-1
Q2141,Q2141-10
Q2141,Q2141-11
Q2141,Q2141-12
Q2141,Q2141-13
Q2141,Q2141-14
Q2141,Q2141-15
Q2141,Q2141-16
Q2141,Q2141-18
Q2141,Q2141-2
Q2141,Q2141-3
Q2141,Q2141-4
Q2141,Q2141-5
Q2141,Q2141-6
Q2141,Q2141-7
Q2141,Q2141-8
Q2141,Q2141-9
Q2141,
Q2155,Q2155-1
Q2155,Q2155-2
Q2155,Q2155-3
Q2155,Q2155-4
Q2155,Q2155-5
Q2155,Q2155-6
Q2155,Q2155-7
Q2155,Q2155-8
Q2155,Q2155-9
Q2155,
Q2179,Q2179-4
Q2183S,Q2183S-1
Q2183S,Q2183S-2
Q2183S,Q2183S-3
Q2183S,Q2183S-4
Q2183S,Q2183S-5
Q2183S,Q2183S-6
Q2183S,
Q2228S,Q2228S-4
Q2228S,
Q2229,Q2229-3
Q2229,Q2229-9
Q2229,
Q2239,Q2239-1
Q2239,Q2239-2
Q2239,Q2239-3
Q2239,Q2239-4
Q2239,Q2239-5
Q2239,Q2239-6
Q2239,Q2239-7
Q2239,Q2239-8
Q2239,Q2239-9
Q2239,
Q2245,Q2245-1
Q2245,Q2245-2
Q2245,Q2245-3
Q2245,
Q2264,Q2264-1
Q2264,Q2264-4
Q2264,Q2264-5
Q2264,Q2264-6
Q2264,Q2264-8
Q2264,Q2264-9
Q2264,
Q2274,Q2274-2
Q2274,Q2274-3
Q2274,Q2274-4
Q2274,Q2274-5
Q2274,Q2274-6
Q2274,Q2274-7
Q2274,Q2274-8
Q2274,Q2274-9
Q2274,
Q2275,Q2275-1
Q2275,Q2275-2
Q2275,Q2275-3
Q2275,Q2275-4
Q2275,Q2275-5
Q2275,Q2275-6
Q2275,Q2275-7
Q2275,Q2275-8
Q2275,Q2275-9
Q2275,
Q2284,Q2284
Q2284,
Q2295,Q2295-1
Q2295,Q2295-10
Q2295,Q2295-3
Q2295,Q2295-4
Q2295,Q2295-5
Q2295,Q2295-6
Q2295,Q2295-8
Q2295,Q2295-9
Q2295,
Q2351,Q2351-1
Q2351,Q2351-2
Q2351,Q2351-3
Q2351,Q2351-6
Q2351,Q2351-8
Q2365,Q2365-2
Q2365,Q2365-3
Q2365,Q2365-4
Q2365,Q2365-5
Q2365,Q2365-6
Q2365,Q2365-7
Q2365,Q2365-8
Q2365,Q2365-9
Q2365,
Q2719,Q2719-1
Q2719,Q2719-2
Q2719,Q2719-4
Q2719,Q2719-5
Q2719,Q2719-6
Q2719,Q2719-7
Q2719,Q2719-8
Q2719,Q2719-9
Q2719,
Q2886,Q2886-1
Q2886,Q2886-2
Q2886,Q2886-3
Q3107,Q3107-1
Q3107,Q3107-10
Q3107,Q3107-11
Q3107,Q3107-12
Q3107,Q3107-2
Q3107,Q3107-3
Q3107,Q3107-4
Q3107,Q3107-5
Q3107,Q3107-6
Q3107,Q3107-7
Q3107,Q3107-8
Q3107,Q3107-9
Q3107,
Q3117,Q3117-1
Q3117,Q3117-10
Q3117,Q3117-11
Q3117,Q3117-12
Q3117,Q3117-2
Q3117,Q3117-3
Q3117,Q3117-4
Q3117,Q3117-5
Q3117,Q3117-6
Q3117,Q3117-7
Q3117,Q3117-8
Q3117,Q3117-9
Q3117,
Q3341,Q3341-13
Q3341,Q3341-2
Q3341,Q3341-3
Q3341,Q3341-4
Q3341,Q3341-5
Q3341,Q3341-6
Q3341,Q3341-7
Q3341,Q3341-8
Q3341,Q3341-9
Q3341,
Q3498,
Q3593,
Q3600,
Q3601,
Q3620,
Q872,Q872-1
Q872,Q872-2
Q872,Q872-3
Q872,Q872-5
Q872,Q872-6
Q872,Q872-7
Q872,Q872-8
Q872,Q872-9
Q872,
QC04,QC04-2
SA149,
SA199,
TK01,TK01-1
TK01,TK01-11
TK01,TK01-12
TK01,TK01-13
TK01,TK01-14
TK01,TK01-15
TK01,TK01-16
TK01,TK01-17
TK01,TK01-18
TK01,TK01-19
TK01,TK01-2
TK01,TK01-20
TK01,TK01-21
TK01,TK01-22
TK01,TK01-23
TK01,TK01-24
TK01,TK01-26
TK01,TK01-3
TK01,TK01-4
TK01,TK01-5
TK01,TK01-6
TK01,TK01-7
TK01,TK01-8
TK01,TK01-9
TK01,
TK133,TK133-1
TK133,TK133-2
TK133,TK133-3
TK133,TK133-4
TK133,TK133-5
TK133,TK133-6
TK133,TK133-7
TK133,TK133-8
TK133,TK133-9
TK133,
TK1435,TK1435
TK18,TK18-1
TK18,TK18-2
TK18,TK18-3
TK18,TK18-5
TK18,TK18-6
TK18,
TK208,TK208-1
TK208,TK208-10
TK208,TK208-2
TK208,TK208-3
TK208,TK208-6
TK208,TK208-8
TK208,
TK2105,TK2105-1
TK2105,TK2105-2
TK2154,TK2154
TK2154,
TK2241,TK2241
TK2241,
TK2246,TK2246-2
TK2246,TK2246-3
TK2246,
TK2247,TK2247-1
TK2247,TK2247-2
TK2247,
TK2248,TK2248-1
TK2248,TK2248-2
TK2248,
TK2249,TK2249-1
TK2249,TK2249-2
TK2249,
TK2250,TK2250-1
TK2250,TK2250-2
TK2252,TK2252-1
TK2252,TK2252-2
TK2252,
TK2300,TK2300-1
TK2300,TK2300-2
TK2300,TK2300-3
TK2300,
TK2301,TK2301-1
TK2301,TK2301-2
TK2301,TK2301-3
TK2301,
TK2302,TK2302-1
TK2302,TK2302-2
TK2302,TK2302-3
TK2302,
TK2303,TK2303-1
TK2303,TK2303-2
TK2303,TK2303-3
TK2303,
TK2304,TK2304
TK240,TK240
TK240,TK240-1
TK240,TK240-2
TK240,TK240-3
TK240,
TK266,TK266-1
TK266,TK266-10
TK266,TK266-11
TK266,TK266-12
TK266,TK266-2
TK266,TK266-3
TK266,TK266-4
TK266,TK266-5
TK266,TK266-6
TK266,
TK2731,TK2731-1
TK2731,TK2731-2
TK2732,TK2732-2
TK2753,TK2753-1
TK2753,TK2753-2
TK2753,
TK2754,TK2754
TK2755,TK2755-2
TK2755,
TK2756,TK2756
TK2756,
TK2757,TK2757-1
TK2757,TK2757-2
TK2757,
TK2758,TK2758
TK2758,
TK2922,TK2922
TK2923,TK2923
TK2923,
TK2924,TK2924-1
TK2924,TK2924-2
TK2924,TK2924-3
TK2924,
TK3033,TK3033
TK3034,TK3034
TK3034,
TK3036,TK3036
TK3036,
TK3037,TK3037
TK3040,TK3040
TK3040,
TK3106,
TK3260,TK3260
TK3260,
TK3310,TK3310
TK3310,TK3310-1
TK3310,TK3310-2
TK3310,
TK3343,
TK3344,
TK3367,
TK3369,TK3369
TK3369,
TK3370,TK3370-1
TK3370,TK3370-2
TK3370,TK3370-3
TK3370,
TK3371,TK3371
TK3371,
TK3372,TK3372
TK3372,
TK3401,
TK3402,
TK3403,
TK3506,
TK356,TK356-1
TK356,TK356-2
TK356,TK356-3
TK356,TK356-4
TK356,TK356-5
TK356,TK356-6
TK356,
TK3610,
TK64,TK64-1
TK64,TK64-2
TK64,TK64-3
TK64,
V1191,V1191-5
V1191,
V1258,V1258-1
V1258,V1258-2
V1258,V1258-3
V1258,V1258-4
V1258,V1258-5
V1258,V1258-6
V1258,
V1487,V1487-1
V1629,V1629-1
V1629,V1629-2
V1629,V1629-3
V1629,V1629-4
V1629,V1629-5
V1629,V1629-6
V1629,
V1717S,V1717S-1
V1717S,V1717S-2
V1717S,
V1722,V1722-14
V1912,V1912-1
V1912,V1912-2
V1912,V1912-3
V1912,V1912-4
V1912,V1912-5
V1912,V1912-6
V1912,
V1924,V1924-1
V1924,V1924-2
V1924,V1924-3
V1924,V1924-4
V1924,V1924-5
V1924,V1924-6
V1924,
V2140,V2140-5
V2140,V2140-7
V2146,V2146-1
V2146,V2146-2
V2146,V2146-3
V2146,V2146-4
V2146,V2146-5
V2146,V2146-6
V2146,V2146-7
V2146,V2146-8
V2146,V2146-9
V2146,
V2371,V2371-1
V2371,V2371-2
V2371,V2371-3
V2371,V2371-4
V2371,V2371-5
V2371,V2371-6
V2371,
V2399,V2399-1
V2399,V2399-2
V2399,V2399-3
V2399,V2399-4
V2399,V2399-5
V2399,V2399-6
V2399,
V2662,V2662-1
V2662,V2662-2
V2662,V2662-3
V2662,V2662-4
V2662,V2662-5
V2662,V2662-6
V2662,V2662-7
V2662,V2662-8
V2662,
V3239,V3239-1
V3239,V3239-2
V3239,V3239-3
V3239,V3239-4
V3239,V3239-5
V3239,V3239-6
V3239,
V3323,V3323-1
V3323,V3323-4
V3323,V3323-5
V3323,
V3347,V3347-1
V3347,V3347-4
V3347,V3347-5
V3347,V3347-6
V3347,
V3408,
V3455,
V3485,
V3488,
V3544,
V3556,
V3578,
V3609,
